{"cameraMode":{"drawMode":0,"name":"Shaded","section":"Shading Mode"},"sceneLighting":true,"audioPlay":false,"sceneViewState":{"showFog":true,"showMaterialUpdate":false,"showSkybox":true,"showFlares":true,"showImageEffects":true,"showParticleSystems":true},"in2DMode":false,"pivot":{"x":-39.707698822021487,"y":24.020421981811525,"z":-25.737340927124025},"rotation":{"x":-0.190639927983284,"y":-0.07033402472734451,"z":0.013695492409169674,"w":-0.979041337966919},"size":5.7157673835754398,"orthographic":false}