{"cameraMode":{"drawMode":0,"name":"Shaded","section":"Shading Mode"},"sceneLighting":false,"audioPlay":false,"sceneViewState":{"showFog":true,"showMaterialUpdate":false,"showSkybox":false,"showFlares":true,"showImageEffects":true,"showParticleSystems":true},"in2DMode":false,"pivot":{"x":0.010399997234344483,"y":0.1549999713897705,"z":0.0},"rotation":{"x":0.046763062477111819,"y":-0.03863922506570816,"z":0.0018100643064826727,"w":0.9981568455696106},"size":5.4550371170043949,"orthographic":false}