{"cameraMode":{"drawMode":0,"name":"Shaded","section":"Shading Mode"},"sceneLighting":true,"audioPlay":false,"sceneViewState":{"showFog":true,"showMaterialUpdate":false,"showSkybox":true,"showFlares":true,"showImageEffects":true,"showParticleSystems":true},"in2DMode":false,"pivot":{"x":-45.32758331298828,"y":20.575572967529298,"z":-15.0},"rotation":{"x":-0.45685502886772158,"y":-0.06474439799785614,"z":0.033362530171871188,"w":-0.8865543603897095},"size":6.041744232177734,"orthographic":false}