{"cameraMode":{"drawMode":0,"name":"Shaded","section":"Shading Mode"},"sceneLighting":false,"audioPlay":false,"sceneViewState":{"showFog":true,"showMaterialUpdate":false,"showSkybox":false,"showFlares":true,"showImageEffects":true,"showParticleSystems":true},"in2DMode":false,"pivot":{"x":5.166956901550293,"y":4.3592848777771,"z":28.09282112121582},"rotation":{"x":-0.02143818885087967,"y":-0.9773968458175659,"z":0.12262626737356186,"w":-0.17087610065937043},"size":4.062744140625,"orthographic":false}