{"cameraMode":{"drawMode":0,"name":"Shaded","section":"Shading Mode"},"sceneLighting":false,"audioPlay":false,"sceneViewState":{"showFog":true,"showMaterialUpdate":false,"showSkybox":false,"showFlares":true,"showImageEffects":true,"showParticleSystems":true},"in2DMode":false,"pivot":{"x":7.741739273071289,"y":-4.881097793579102,"z":25.36459732055664},"rotation":{"x":0.20269258320331574,"y":-0.20507003366947175,"z":0.043454453349113467,"w":0.9565426111221314},"size":8.295022010803223,"orthographic":false}